Gustavo,Achong,SC,2
Catherine,Abel,SC,1
Kim,Abercrombie,SC,0
Humberto,Acevedo,SC,2
Pilar,Ackerman,SC,0
Frances,Adams,SC,1
Margaret,Smith,SC,0
Carla,Adams,SC,0
Jay,Adams,SC,1
Ronald,Adina,SC,0
Samuel,Agcaoili,SC,0
James,Aguilar,SC,1
Robert,Ahlering,SC,0
François,Ferrier,SC,1
Kim,Akers,SC,2
Lili,Alameda,SC,1
Amy,Alberts,SC,1
Anna,Albright,SC,1
Milton,Albury,SC,0
Paul,Alcorn,SC,1
Gregory,Alderson,SC,0
J. Phillip,Alexander,SC,1
Michelle,Alexander,SC,2
Sean,Jacobson,SC,2
Phyllis,Allen,SC,1
Marvin,Allen,SC,0
Michael,Allen,SC,2
Cecil,Allison,SC,0
Oscar,Alpuerto,SC,1
Sandra,Altamirano,SC,0
Selena,Alvarado,SC,0
Emilio,Alvaro,SC,1
Maxwell,Amland,SC,0
Mae,Anderson,SC,0
Ramona,Antrim,SC,0
Sabria,Appelbaum,SC,0
Hannah,Arakawa,SC,0
Kyley,Arbelaez,SC,1
Tom,Johnston,SC,1
Thomas,Armstrong,SC,0
John,Arthur,SC,0
Chris,Ashton,SC,1
Teresa,Atkinson,SC,0
John,Ault,SC,0
Robert,Avalos,SC,0
Stephen,Ayers,SC,0
Phillip,Bacalzo,SC,0
Daniel,Blanco,SC,0
Cory,Booth,SC,1
James,Bailey,SC,0
Douglas,Baldwin,SC,0
Jennifer,Bales,SC,1
Alberto,Baltazar,SC,0
Wayne,Banack,SC,2
Darrell,Banks,SC,2
Angela,Barbariol,SC,0
David,Barber,SC,1
Robert,Barker,SC,0
Rebecca,Barley,SC,2
Brenda,Barlow,SC,1
Josh,Barnhill,SC,0
Adam,Barr,SC,1
Norma,Barrera,SC,2
Gytis,Barzdukas,SC,0
David,Bartness,SC,0
Karel,Bates,SC,1
Ciro,Bauer,SC,0
Glenna,Beanston,SC,0
Shaun,Beasley,SC,1
John,Beaver,SC,0
Christopher,Beck,SC,0
Bradley,Beck,SC,1
Benjamin,Becker,SC,0
Ann,Beebe,SC,0
Shane,Belli,SC,1
Stanley,Alan,SC,0
Mason,Bendixen,SC,0
John,Bennetts,SC,0
Ido,Ben-Sachar,SC,0
Edna,Benson,SC,0
Payton,Benson,SC,0
Max,Benson,SC,0
Scot,Bent,SC,0
Richard,Bentley,SC,0
Marian,Berch,SC,0
Karen,Berge,SC,1
Alexander,Berger,SC,1
John,Berger,SC,0
Kris,Bergin,SC,0
Andreas,Berglund,SC,0
Robert,Bernacchi,SC,1
Matthias,Berndt,SC,1
John,Berry,SC,0
Steven,Brown,SC,0
Chris,Bidelman,SC,0
Mary,Billstrom,SC,1
Jimmy,Bischoff,SC,1
Mary,Bishop,SC,0
Mae,Black,SC,2
Jackie,Blackwell,SC,1
Donald,Blanton,SC,0
Linda,Burnett,SC,2
Michael,Blythe,SC,0
Gabriel,Bockenkamp,SC,0
Michael,Bohling,SC,1
Corinna,Bolender,SC,0
Luis,Bonifaz,SC,2
Randall,Boseman,SC,2
Stephanie,Bourne,SC,0
Eli,Bowen,SC,1
Lester,Bowman,SC,0
David,Bradley,SC,1
Cornelius,Brandon,SC,0
Richard,Bready,SC,0
Sara,Breer,SC,0
Ted,Bremer,SC,1
Alan,Brewer,SC,1
Walter,Brian,SC,1
Christopher,Bright,SC,0
Carol,Brink,SC,0
David,Brink,SC,1
John,Brooks,SC,0
Willie,Brooks,SC,2
Carolee,Brown,SC,0
Jo,Brown,SC,1
Robert,Brown,SC,0
Kevin,Browne,SC,1
Mary,Browning,SC,1
Dave,Browning,SC,0
Bridget,Browqett,SC,1
Eric,Brumfield,SC,0
Dick,Brummer,SC,0
Michael,Brundage,SC,0
Shirley,Bruner,SC,2
June,Brunner,SC,0
Dirk,Bruno,SC,0
Nancy,Buchanan,SC,0
Janaina Barreiro Gambaro,Bueno,SC,1
Edward,Buensalido,SC,0
Megan,Burke,SC,2
Ingrid,Burkhardt,SC,0
Karren,Burkhardt,SC,0
Ovidiu,Burlacu,SC,0
Dana,Burnell,SC,0
Timothy,Burnett,SC,2
Stephen,Burton,SC,0
Deanna,Buskirk,SC,1
Jared,Bustamante,SC,0
Richard,Byham,SC,2
David,Byrnes,SC,1
Ryan,Calafato,SC,1
Sylvia,Caldwell,SC,1
Mari,Caldwell,SC,2
Barbara,Calone,SC,0
Lindsey,Camacho,SC,0
Gustavo,Camargo,SC,0
DeeDee,Cameron,SC,1
Deborah,Lee,SC,0
Joan,Campbell,SC,0
David,Campbell,SC,2
Henry,Campen,SC,2
Chris,Cannon,SC,0
Joseph,Cantoni,SC,0
Suzana De Abreu,Canuto,SC,2
Jun,Cao,SC,0
Johnny,Caprio,SC,0
Richard,Carey,SC,1
Carlton,Carlisle,SC,0
Ty Loren,Carlson,SC,0
Jane,Carmichael,SC,1
Jovita,Carmody,SC,0
Steve,Carnes,SC,2
Fernando,Caro,SC,1
Rob,Caron,SC,0
Andy,Carothers,SC,0
Donna,Carreras,SC,1
Rosmarie,Carroll,SC,0
Matthew,Carroll,SC,0
Joseph,Castellucio,SC,2
Pamela,Carlson,SC,2
Raul,Casts,SC,0
Elizabeth,Catalano,SC,0
Matthew,Cavallari,SC,0
Brigid,Cavendish,SC,1
Andrew,Cencini,SC,0
Stacey,Cereghino,SC,1
Baris,Cetinok,SC,1
Sean,Chai,SC,0
Pat,Chambers,SC,0
Forrest,Chandler,SC,1
Lee,Chapla,SC,2
Greg,Chapman,SC,0
Neil,Charney,SC,2
Hao,Chen,SC,1
John,Chen,SC,1
Pei,Chow,SC,0
Yao-Qiang,Cheng,SC,1
Nicky,Chesnut,SC,2
Susan,Chestnut,SC,0
Martin,Chisholm,SC,0
Mike,Choi,SC,0
Ruth,Choin,SC,0
Anthony,Chor,SC,1
Charles,Christensen,SC,2
Jill,Christie,SC,0
Alice,Clark,SC,1
Gina,Clark,SC,2
James,Clark,SC,2
Jane,Clayton,SC,0
Kristine,Cleary,SC,2
Teanna,Cobb,SC,2
Connie,Coffman,SC,0
Jeanette,Cole,SC,2
Eric,Coleman,SC,0
Pat,Coleman,SC,0
Takiko,Collins,SC,0
John,Colon,SC,0
Scott,Colvin,SC,2
Aaron,Con,SC,0
Peter,Connelly,SC,0
William,Conner,SC,0
Stephanie,Conroy,SC,0
Amy,Consentino,SC,0
Dorothy,Contreras,SC,0
Patrick,Cook,SC,0
Scott,Cooper,SC,0
Eva,Corets,SC,1
Marlin,Coriell,SC,0
Ryan,Cornelsen,SC,2
Bruno,Costa Da Silva,SC,1
Pamela,Cox,SC,1
Jack,Creasey,SC,2
Sharon,Crow,SC,2
Shelley,Crow,SC,0
Grant,Culbertson,SC,0
Scott,Culp,SC,0
Conor,Cunningham,SC,0
Jose,Curry,SC,0
Thierry,D'Hers,SC,0
Ryan,Danner,SC,2
Mike,Danseglio,SC,0
Megan,Davis,SC,0
Alvaro,De Matos Miranda Filho,SC,1
Jose,De Oliveira,SC,2
Jacob,Dean,SC,1
Alexander,Deborde,SC,0
Barbara,Decker,SC,0
Kirk,DeGrasse,SC,0
Aidan,Delaney,SC,0
Stefan,Delmarco,SC,2
Shawn,Demicell,SC,2
Della,Demott Jr,SC,0
Bruno,Deniut,SC,2
Helen,Dennis,SC,2
Prashanth,Desai,SC,2
Bev,Desalvo,SC,1
Brenda,Diaz,SC,0
Gabriele,Dickmann,SC,0
Holly,Dickson,SC,0
Dick,Dievendorff,SC,2
Rudolph,Dillon,SC,0
Andrew,Dixon,SC,0
Blaine,Dockter,SC,1
Cindy,Dodd,SC,2
John,Donovan,SC,1
Patricia,Doyle,SC,0
Gerald,Drury,SC,0
Gary,Drury,SC,1
Reuben,D'sa,SC,0
Ed,Dudenhoefer,SC,0
Bernard,Duerr,SC,0
Tish,Duff,SC,2
Adrian,Dumitrascu,SC,0
Bart,Duncan,SC,1
Maciej,Dusza,SC,1
Shelley,Dyck,SC,0
Linda,Ecoffey,SC,2
Carla,Eldridge,SC,0
Carol,Elliott,SC,2
Shannon,Elliott,SC,0
Jauna,Elson,SC,1
Michael,Emanuel,SC,0
Terry,Eminhizer,SC,0
John,Emory,SC,1
Gail,Erickson,SC,1
Mark,Erickson,SC,2
Martha,Espinoza,SC,1
Julie,Estes,SC,2
Janeth,Esteves,SC,1
Twanna,Evans,SC,2
Ann,Evans,SC,1
John,Evans,SC,0
Marc,Faeber,SC,0
Fadi,Fakhouri,SC,0
Carolyn,Farino,SC,2
Geri,Farrell,SC,1
Hanying,Feng,SC,0
Rhoda,Finley,SC,0
Duane,Fitzgerald,SC,1
James,Fine,SC,0
Kathie,Flood,SC,0
Jay,Fluegel,SC,0
Kelly,Focht,SC,1
Jeffrey,Ford,SC,0
Garth,Fort,SC,0
Dorothy,Fox,SC,2
Judith,Frazier,SC,0
John,Fredericksen,SC,0
Susan,French,SC,0
Liam,Friedland,SC,0
Mihail,Frintu,SC,0
John,Ford,SC,2
Paul,Fulton,SC,2
Don,Funk,SC,2
Bob,Gage,SC,1
Aldeen,Gallagher,SC,2
Michael,Galos,SC,0
Jon,Ganio,SC,1
Kathleen,Garza,SC,2
Dominic,Gash,SC,0
Janet,Gates,SC,0
Orlando,Gee,SC,0
Darren,Gehring,SC,1
Jim,Geist,SC,0
Barbara,German,SC,0
Tom,Getzinger,SC,0
Leo,Giakoumakis,SC,1
Cornett,Gibbens,SC,1
Frances,Giglio,SC,2
Guy,Gilbert,SC,0
Janet,Gilliat,SC,0
Mary,Gimmi,SC,0
David,Givens,SC,0
Jeanie,Glenn,SC,2
Diane,Glimp,SC,0
James,Glynn,SC,0
Scott,Gode,SC,0
Mete,Goktepe,SC,2
Jossef,Goldberg,SC,0
Brian,Goldstein,SC,0
Lynn,Gonzales,SC,0
Linda,Gonzales,SC,0
Abigail,Gonzalez,SC,0
Michael,Graff,SC,2
Derek,Graham,SC,0
Lowell,Graham,SC,1
Jon,Grande,SC,1
Jane,Greer,SC,1
Geoff,Grisso,SC,1
Douglas,Groncki,SC,1
Brian,Groth,SC,1
Faith,Gustafson,SC,1
Greg,Harrison,SC,0
Hattie,Haemon,SC,0
Matthew,Hagemann,SC,0
Erin,Hagens,SC,0
Betty,Haines,SC,2
Karen,Hall,SC,0
Don,Hall,SC,1
Bryan,Hamilton,SC,0
James,Hamilton,SC,0
Kerim,Hanif,SC,0
Jean,Handley,SC,2
Mark,Hanson,SC,0
William,Hapke,SC,2
Katherine,Harding,SC,2
Kimberly,Harrington,SC,1
Lucy,Harrington,SC,0
Keith,Harris,SC,2
Doris,Hartwig,SC,0
Roger,Harui,SC,2
Ann,Hass,SC,2
Mark,Hassall,SC,1
Neal,Hasty,SC,1
James,Haugh,SC,1
Jeff,Hay,SC,1
Brenda,Heaney,SC,0
James,Hendergart,SC,0
John,Hanson,SC,1
Valerie,Hendricks,SC,1
Jay,Henningsen,SC,0
Jeff,Henshaw,SC,0
Kari,Hensien,SC,1
Deena,Herman,SC,2
Irene,Hernandez,SC,0
Jésus,Hernandez,SC,0
Pam,Herrick,SC,0
Cheryl,Herring,SC,0
Ronald,Heymsfield,SC,0
Sidney,Higa,SC,2
Onetha,Higgs,SC,1
Fran,Highfill,SC,0
Geneva,Hill,SC,2
Andrew,Hill,SC,0
Reinout,Hillmann,SC,0
Mike,Hines,SC,1
Matthew,Hink,SC,2
Nancy,Hirota,SC,0
Rose,Hirsch,SC,1
Douglas,Hite,SC,0
David,Hodgson,SC,2
Helge,Hoeing,SC,1
Barbara,Hoffman,SC,0
Holly,Holt,SC,0
Bob,Hodges,SC,1
Jean,Holloway,SC,1
Michael,Holm,SC,2
Eddie,Holmes,SC,0
Juanita,Holman,SC,2
Peter,Houston,SC,2
Curtis,Howard,SC,0
Joe,Howard,SC,2
Janice,Hows,SC,2
George,Huckaby,SC,0
Joshua,Huff,SC,1
Arlene,Huff,SC,1
Matthew,Hunter,SC,1
Phyllis,Huntsman,SC,2
Lawrence,Hurkett,SC,1
Ryan,Ihrig,SC,2
Beth,Inghram,SC,1
Lucio,Iallo,SC,2
Richard,Irwin,SC,0
Erik,Ismert,SC,2
Denean,Ison,SC,1
Raman,Iyer,SC,0
Bronson,Jacobs,SC,2
Eric,Jacobsen,SC,0
Jodan,Jacobson,SC,0
Mary,Alexander,SC,0
David,Jaffe,SC,0
Jay,Jamison,SC,1
Vance,Johns,SC,0
Joyce,Jarvis,SC,0
George,Jiang,SC,0
Stephen,Jiang,SC,0
Samuel,Johnson,SC,0
Danielle,Johnson,SC,1
Greg,Johnson,SC,1
Barry,Johnson,SC,1
Brian,Johnson,SC,2
David,Johnson,SC,2
Willis,Johnson,SC,1
Tamara,Johnston,SC,0
Robert,Jones,SC,1
Brannon,Jones,SC,2
Jean,Jordan,SC,1
Peggy,Justice,SC,0
Diane,Krane,SC,0
Scott,Kaffer,SC,2
Sandra,Kitt,SC,0
Wendy,Kahn,SC,2
Sandeep,Kaliyath,SC,0
John,Kane,SC,1
Lori,Kane,SC,0
Judith,Krane,SC,2
Kay,Krane,SC,0
Sandeep,Katyal,SC,2
Bonnie,Kearney,SC,0
Kendall,Keil,SC,0
Victor,Kelley,SC,2
John,Kelly,SC,1
Robert,Kelly,SC,1
Kevin,Kennedy,SC,1
Mary,Kesslep,SC,0
Alice,Kesterson,SC,0
Elizabeth,Keyser,SC,0
Tammy,Khan,SC,0
Imtiaz,Khan,SC,0
Karan,Khanna,SC,0
Joe,Kim,SC,2
Jim,Kim,SC,0
Shane,Kim,SC,0
Tim,Kim,SC,0
Russell,King,SC,0
Anton,Kirilov,SC,1
Christian,Kleinerman,SC,0
Andrew,Kobylinski,SC,0
Reed,Koch,SC,1
Jim,Kennedy,SC,2
Kirk,King,SC,2
Eugene,Kogan,SC,0
Scott,Konersmann,SC,2
Joy,Koski,SC,0
Pamala,Kotc,SC,2
Edward,Kozlowski,SC,0
James,Kramer,SC,0
Mitch,Kennedy,SC,1
James,Krow,SC,0
Margaret,Krupka,SC,0
Deepak,Kumar,SC,0
Jeffrey,Kung,SC,0
Vamsi,Kuppa,SC,0
Jeffrey,Kurtz,SC,2
Peter,Kurniawan,SC,0
Eric,Lang,SC,0
Rebecca,Laszlo,SC,0
Cecilia,Laursen,SC,0
David,Lawrence,SC,0
Elsa,Leavitt,SC,0
Michael,Lee,SC,1
Marjorie,Lee,SC,0
Frank,Campbell,SC,1
Mark,Lee,SC,0
Robertson,Lee,SC,2
Jolie,Lenehan,SC,0
Roger,Lengel,SC,2
A.,Leonetti,SC,2
Bonnie,Lepro,SC,0
Gloria,Lesko,SC,0
Linda,Leste,SC,1
Steven,Levy,SC,0
Judy,Lew,SC,1
Elsie,Lewin,SC,0
George,Li,SC,0
Yale,Li,SC,1
Yan,Li,SC,0
Yuhong,Li,SC,0
Joseph,Lique,SC,0
Paulo,Lisboa,SC,0
David,Liu,SC,1
Jinghao,Liu,SC,2
Kevin,Liu,SC,2
Run,Liu,SC,1
Todd,Logan,SC,0
Kok-Ho,Loh,SC,1
John,Long,SC,0
Sharon,Looney,SC,0
Jeremy,Los,SC,2
Spencer,Low,SC,0
Anita,Lucerne,SC,1
Jose,Lugo,SC,1
Richard,Lum,SC,0
Judy,Lundahl,SC,0
Sean,Lunt,SC,0
Helen,Lutes,SC,2
Robert,Lyeba,SC,0
Sharon,Lynn,SC,0
Robert,Lyon,SC,1
Jenny,Lysaker,SC,0
Denise,Maccietto,SC,0
Scott,MacDonald,SC,0
Walter,Mays,SC,1
Patrick,Magenheimer,SC,2
Kimberly,Malmendier,SC,0
Ajay,Manchepalli,SC,0
Parul,Manek,SC,0
Tomas,Manzanares,SC,1
Kathy,Marcovecchio,SC,0
Jill,Markwood,SC,2
Melissa,Marple,SC,2
Cecelia,Marshall,SC,1
Benjamin,Martin,SC,2
Linda,Martin,SC,0
Mindy,Martin,SC,1
Sandra,Martinez,SC,0
Frank,Mart¡nez,SC,1
Steve,Masters,SC,0
Joseph,Matthews,SC,0
Jennifer,Maxham,SC,0
Chris,Maxwell,SC,0
Sandra,Maynard,SC,1
John,McClane,SC,0
Robin,McGuigan,SC,1
Stacie,Mcanich,SC,0
Katie,McAskill-White,SC,2
Lola,McCarthy,SC,0
Jane,McCarty,SC,2
Nikki,McCormick,SC,1
James,McCoy,SC,0
Christinia,McDonald,SC,1
Alejandro,McGuel,SC,0
Yvonne,McKay,SC,0
Nkenge,McLin,SC,1
Nancy,McPhearson,SC,2
Nellie,Medina,SC,0
Raquel,Mello,SC,1
Gladys,Mendiola,SC,0
R. Morgan,Mendoza,SC,0
Tosh,Meston,SC,0
Susan,Metters,SC,0
Stephen,Mew,SC,0
Eric,Meyer,SC,0
Helen,Meyer,SC,0
Deanna,Meyer,SC,0
Gary,Meyerhoff,SC,0
Ramesh,Meyyappan,SC,0
Thomas,Michaels,SC,2
Jan,Miksovsky,SC,1
Virginia,Miller,SC,1
Matthew,Miller,SC,0
Emilo,Miller,SC,0
Ben,Miller,SC,1
Dylan,Miller,SC,1
Frank,Miller,SC,0
Neva,Mitchell,SC,0
Linda,Mitchell,SC,0
Scott,Mitchell,SC,1
Robert,Mitosinka,SC,2
Joseph,Mitzner,SC,2
Geraldine,Spicer,SC,1
Kristin,Spanaway,SC,2
Mahesh,Smith,SC,1
Sethu,Srinivasan,SC,0
Annik,Stahl,SC,0
Jeff,Stammler,SC,0
Carina,Stanev,SC,0
Beth,Stanley,SC,0
Merrill,Steel,SC,1
Joan,Steele,SC,0
Laura,Steele,SC,0
Shanay,Steelman,SC,0
Heidi,Steen,SC,2
Stefano,Stefani,SC,1
Alan,Steiner,SC,0
Derik,Stenerson,SC,2
Vassar,Stern,SC,0
Wathalee,Steuber,SC,2
Alice,Steiner,SC,2
Liza Marie,Stevens,SC,2
Jim,Stewart,SC,1
Judy,Storjohann,SC,2
Louis,Stotka,SC,1
Robert,Stotka,SC,0
Kayla,Stotler,SC,0
Charles,Strange,SC,0
Ruby Sue,Styles,SC,0
Min,Su,SC,0
Gary,Suess,SC,0
Ruth,Suffin,SC,1
Elizabeth,Sullivan,SC,1
Michael,Sullivan,SC,2
Marcia,Sultan,SC,0
Nate,Sun,SC,0
Krishna,Sunkammurali,SC,0
Brad,Sutton,SC,1
Martin,Svoboda,SC,2
Abraham,Swearengin,SC,0
Katherine,Swan,SC,2
Manoj,Syamala,SC,0
Shelly,Szymanski,SC,1
Julie,Taft-Rider,SC,0
Clarence,Tatman,SC,0
Damon,Taylor,SC,0
Mike,Taylor,SC,2
Denis,Taylor,SC,0
Jeff,Teper,SC,0
Chad,Tedford,SC,1
Sameer,Tejani,SC,1
Vanessa,Tench,SC,2
Judy,Thames,SC,0
Karen,Theisen,SC,2
Ram,Thirunavukkarasu,SC,0
Phyllis,Thomas,SC,1
James,Thomas,SC,2
Donald,Thompson,SC,0
Kendra,Thompson,SC,0
Daniel,Thompson,SC,0
Andrea,Thomsen,SC,1
Rossane,Thoreson,SC,2
Yuping,Tian,SC,2
Mike,Tiano,SC,0
Diane,Tibbott,SC,0
Danielle,Tiedt,SC,1
Tony,Ting,SC,0
John,Tippett,SC,1
Dragan,Tomic,SC,0
Delia,Toone,SC,1
Alvin,Torre,SC,1
Anna,Townsend,SC,0
Glenn,Track,SC,0
Abe,Tramel,SC,0
James,Tran,SC,1
Olga,Trau,SC,0
Doris,Traube,SC,0
Jean,Trenary,SC,1
Billy,Trent,SC,0
David,Trolen,SC,2
Michael John,Troyer,SC,0
Christie,Trujillo,SC,0
Lynn,Tsoflias,SC,0
Gracia,Tuell,SC,0
Phyllis,Tuffield,SC,0
Mary,Tullao,SC,1
Sairaj,Uddin,SC,1
Sunil,Uppal,SC,0
Mary,Vaca,SC,0
Rachel,Valdez,SC,0
Esther,Valle,SC,1
H.,Valentine,SC,0
Jessie,Valerio,SC,2
Johnathan,Van Eaton,SC,2
Roger,Van Houten,SC,0
Mandy,Vance,SC,2
Rose,Vandenouer,SC,0
Gregory,Vanderbout,SC,0
Michael,Vanderhyde,SC,0
Margaret,Vanderkamp,SC,0
Kara,Vanderlinden,SC,0
Carlos,Vansant,SC,1
Nieves,Vargas,SC,0
Gary,Vargas,SC,2
Ranjit,Varkey Chudukatil,SC,1
Patricia,Vasquez,SC,0
Raja,Venugopal,SC,0
Kevin,Verboort,SC,0
Dora,Verdad,SC,2
Wanda,Vernon,SC,0
Robert,Vessa,SC,0
Caroline,Vicknair,SC,0
Shane,Vigil,SC,0
Homer,Villa,SC,0
Eric,Vincenzi,SC,0
Keith,Virden,SC,1
Filomena,Visser,SC,0
Helen,Vlass,SC,0
William,Vong,SC,1
Florence,Vonholt,SC,0
Florian,Voss,SC,0
Janice,Vrins,SC,2
Rohinton,Wadia,SC,1
Julie,Waggoner,SC,2
Deb,Waldal,SC,0
Silvia,Walker,SC,1
Hazel,Walker,SC,0
Joanna,Wall,SC,1
Bryan,Walton,SC,0
Jian,Wang,SC,0
Qiang,Wang,SC,0
Tony,Wang,SC,0
Ruth,Ward,SC,0
Clay,Warthen,SC,0
Irene,Watada,SC,2
Becky,Waters,SC,1
Darren,Watkins,SC,0
Jason,Watters,SC,0
Kristin,Watts,SC,1
Peter,Waxman,SC,0
Francis,Weber,SC,0
Gregory,Weber,SC,1
Dorothy,Weimer,SC,0
Ole,Weldon,SC,0
Alexandra,Wellington,SC,0
Paul,West,SC,0
Nigel,Westbury,SC,2
Kerry,Westguard,SC,0
Gail,Westover,SC,1
Ann,Wilson,SC,1
Sam,Wheeler,SC,0
Wendy,Wheeler,SC,0
Vivian,Whipple,SC,2
Cynthia,White,SC,0
Kathleen,Winter,SC,1
