EmployeeNationalIDAlternateKey,Title
14417807,Production Technician - WC60
309738752,Production Supervisor - WC60
690627818,Production Technician - WC10
912265825,Production Technician - WC10
844973625,Production Technician - WC10
233069302,Production Supervisor - WC50
132674823,Production Technician - WC10
446466105,Production Supervisor - WC60
565090917,Production Technician - WC10
494170342,Production Supervisor - WC60
9659517,Production Technician - WC10
443968955,Production Technician - WC30
277173473,Production Control Manager
835460180,Production Technician - WC45
687685941,Production Technician - WC45
498138869,Production Technician - WC30
360868122,Production Supervisor - WC10
964089218,Production Technician - WC20
384162788,Production Technician - WC40
571658797,Production Technician - WC50
761597760,Production Technician - WC40
271438431,Production Technician - WC30
160739235,Production Technician - WC30
113695504,Production Technician - WC50
276751903,Production Technician - WC60
630184120,Production Supervisor - WC50
545337468,Production Technician - WC20
713403643,Production Technician - WC45
718299860,Production Technician - WC50
295971920,Production Technician - WC40
857651804,Production Technician - WC50
351069889,Production Technician - WC30
370989364,Production Supervisor - WC40
275962311,Production Technician - WC45
36151748,Production Technician - WC60
568596888,Production Technician - WC20
918737118,Production Technician - WC40
801758002,Production Technician - WC60
415823523,Production Technician - WC50
674171828,Production Technician - WC50
138280935,Production Technician - WC30
476115505,Production Technician - WC30
502058701,Production Technician - WC40
7201901,Production Supervisor - WC10
97728960,Production Technician - WC20
843479922,Production Technician - WC50
370487086,Production Technician - WC40
54759846,Production Technician - WC50
604664374,Production Technician - WC30
778552911,Production Supervisor - WC50
435234965,Production Technician - WC45
339712426,Production Technician - WC60
368920189,Production Technician - WC20
330211482,Production Technician - WC60
632092621,Production Technician - WC40
981597097,Production Technician - WC50
693325305,Production Technician - WC60
746373306,Production Technician - WC30
750905084,Production Supervisor - WC40
514829225,Production Technician - WC45
750246141,Production Technician - WC60
19312190,Production Technician - WC40
212801092,Production Technician - WC20
769680433,Production Technician - WC40
431859843,Production Technician - WC50
420023788,Production Technician - WC30
199546871,Production Technician - WC45
830150469,Production Technician - WC40
322160340,Production Technician - WC20
827686041,Production Technician - WC50
204035155,Production Technician - WC50
992874797,Production Technician - WC40
342607223,Production Technician - WC50
45615666,Production Supervisor - WC20
733022683,Production Technician - WC30
187369436,Production Technician - WC45
364818297,Production Technician - WC30
886023130,Production Technician - WC20
749211824,Production Technician - WC40
92096924,Production Technician - WC50
563680513,Production Technician - WC50
458159238,Production Technician - WC60
712885347,Production Supervisor - WC45
87268837,Production Technician - WC30
969985265,Production Technician - WC20
539490372,Production Technician - WC45
948320468,Production Technician - WC60
153288994,Production Technician - WC50
363996959,Production Technician - WC30
585408256,Production Technician - WC30
386315192,Production Supervisor - WC30
167554340,Production Technician - WC45
410742000,Production Technician - WC60
746201340,Production Technician - WC40
398737566,Production Technician - WC50
764853868,Production Technician - WC30
319472946,Production Supervisor - WC20
456839592,Production Technician - WC45
259388196,Production Technician - WC30
812797414,Production Technician - WC20
25011600,Production Technician - WC20
436757988,Production Technician - WC40
652535724,Production Technician - WC50
377784364,Production Technician - WC45
66073987,Production Technician - WC60
999440576,Production Technician - WC60
551834634,Production Supervisor - WC45
305522471,Production Technician - WC20
788456780,Production Technician - WC60
370581729,Production Technician - WC50
152085091,Production Technician - WC50
227319668,Production Technician - WC30
578953538,Production Technician - WC40
222400012,Production Technician - WC50
860123571,Production Technician - WC30
273260055,Production Technician - WC40
578935259,Production Supervisor - WC30
752513276,Production Technician - WC60
754372876,Production Technician - WC60
404159499,Production Technician - WC20
599942664,Production Technician - WC50
993310268,Production Technician - WC30
20244403,Production Technician - WC45
862951447,Production Supervisor - WC20
551346974,Production Technician - WC30
60114406,Production Supervisor - WC30
33237992,Production Supervisor - WC10
1300049,Production Technician - WC40
10708100,Production Technician - WC50
63761469,Production Technician - WC20
693168613,Production Technician - WC40
334834274,Production Technician - WC50
399658727,Production Technician - WC45
500412746,Production Technician - WC60
878395493,Production Technician - WC30
332349500,Production Supervisor - WC45
621932914,Production Technician - WC20
912141525,Production Technician - WC50
568626529,Production Technician - WC30
301435199,Production Technician - WC30
211789056,Production Technician - WC50
63179277,Production Technician - WC60
587567941,Production Technician - WC30
634335025,Production Supervisor - WC40
65848458,Production Technician - WC45
442121106,Production Technician - WC60
300946911,Production Technician - WC20
440379437,Production Technician - WC40
537092325,Production Technician - WC60
455563743,Production Technician - WC10
701156975,Production Technician - WC20
1662732,Production Technician - WC40
294148271,Production Technician - WC10
834186596,Production Technician - WC60
717889520,Production Technician - WC10
801365500,Production Technician - WC10
413787783,Production Technician - WC40
109272464,Production Technician - WC10
113393530,Production Technician - WC20
390124815,Production Technician - WC10
6298838,Production Technician - WC60
943170460,Production Technician - WC40
339233463,Production Technician - WC20
872923042,Production Technician - WC20
697712387,Production Technician - WC40
414476027,Production Technician - WC60
90888098,Production Technician - WC10
947029962,Production Technician - WC40
461786517,Production Technician - WC60
393421437,Production Technician - WC10
988315686,Production Technician - WC40
56772045,Production Technician - WC20
82638150,Production Technician - WC10
582347317,Production Technician - WC60
8066363,Production Technician - WC60
561196580,Production Technician - WC10
58791499,Production Technician - WC40
163347032,Production Technician - WC20
826454897,Production Technician - WC10
437296311,Purchasing Assistant
280633567,Purchasing Assistant
895209680,Purchasing Manager
895209680,Purchasing Manager
895209680,Purchasing Manager
481044938,Pacific Sales Manager
